name,raw_title,summary,link
Enissa Amani,Enissa Amani: Ehrenwort (2018) Full Transcript,"Live from Hamburg, Iranian-German comedian Enissa Amani shares her take on German engineering, tax deductions and online fan-mail etiquette.",https://scrapsfromtheloft.com/2019/02/19/enissa-amani-ehrenwort-2018-full-transcript/
George Carlin,Politically Correct Language – by George Carlin,"George Carlin's critical thinking on pc language, still relevant today. ",https://scrapsfromtheloft.com/2019/02/18/politically-correct-language-george-carlin/
Ken Jeong,"Ken Jeong: You Complete Me, Ho (2019) – Full Transcript","Filmed at the Ice House Comedy Club in Pasadena, California, where Jeong first got his start in comedy, You Complete Me, Ho reflects on how Jeong went from being a doctor to a comedy superstar and opens up about how his wife's courageous battle with breast cancer led to him starring in one of the biggest comedy franchises of all time, The Hangover. ",https://scrapsfromtheloft.com/2019/02/17/ken-jeong-you-complete-me-ho-transcript/
Ray Romano,"Ray Romano: Right Here, Around the Corner (2019) – Full Transcript","Ray Romano cut his stand-up teeth at the Comedy Cellar in New York. Now, in his first comedy special in 23 years, he returns to where it all began.",https://scrapsfromtheloft.com/2019/02/12/ray-romano-right-here-around-the-corner-transcript/
Gabriel Iglesias,Gabriel “Fluffy” Iglesias: One Show Fits All (2019) – Full Transcript,"In a new special from Houston, Gabriel ""Fluffy"" Iglesias riffs on his teenage son Frankie and meetings with celebrities like Snoop Dogg and Chris Rock.",https://scrapsfromtheloft.com/2019/01/30/gabriel-fluffy-iglesias-one-show-fits-all-transcript/
Sebastian Maniscalco,Sebastian Maniscalco: Stay Hungry (2019) – Full Transcript,"Sebastian's captivating storytelling keeps the audience engaged as he unpacks spin classes, pregnancy photoshoots, and wedding dances.",https://scrapsfromtheloft.com/2019/01/29/sebastian-maniscalco-stay-hungry-transcript/
John Leguizamo,Latin History for Morons: John Leguizamo’s Road to Broadway (2018) – Full Transcript,"Latin History for Morons: John Leguizamo's Road to Broadway captures John's quest to cram 3,000 years of history into 90 minutes of stage time and bring a whole new set of historical characters back to life as one man.",https://scrapsfromtheloft.com/2019/01/27/latin-history-for-morons-john-leguizamo-transcript/
Sebastian Maniscalco,Sebastian Maniscalco: Aren’t You Embarrassed? (2014) – Full Transcript,"Sebastian Maniscalco returns home to Chicago to perform in front of a live sold-out audience in this all-new comedy event. With his inimitable delivery, he burns modern-day society through the lens of his old-world Italian-American upbringing. No topic is off-limits - but perhaps we all should be just a little embarrassed.",https://scrapsfromtheloft.com/2019/01/24/sebastian-maniscalco-arent-you-embarrassed-transcript/
Sebastian Maniscalco,Sebastian Maniscalco: What’s Wrong with People? (2012) – Full Transcript,"""What's Wrong with People?"" asks Sebastian Maniscalco, as he hilariously tries to bridge the Italian-American Old World he grew up in with the contemporary frenetic world we all live in today.",https://scrapsfromtheloft.com/2019/01/24/sebastian-maniscalco-whats-wrong-with-people-transcript/
Ellen Degeneres,Ellen Degeneres: Relatable (2018) – Full Transcript,"In her first special since 2003, Ellen revisits her road to stardom and details the heartfelt -- and hilarious -- lessons she's learned along the way.",https://scrapsfromtheloft.com/2018/12/22/ellen-degeneres-relatable-transcript/
Pete Holmes,Pete Holmes: Dirty Clean (2018) – Full Transcript,"The stand-up special Pete Holmes: Dirty Clean finds Holmes confronting personal truths about the mechanisms of consciousness, the afterlife and Elon Musk, as well as sharing a few thoughts on being a new dad. ",https://scrapsfromtheloft.com/2018/12/19/pete-holmes-dirty-clean-transcript/
Vir Das,Vir Das: Losing It (2018) – Full Transcript,"The world's got a lot of problems, but Vir Das has a lot of answers as he discusses travel, religion, his childhood and more in this stand-up special. He's lived through a flop, and now he's trying to figure out fame -- and maybe book a superhero role along the way.",https://scrapsfromtheloft.com/2018/12/15/vir-das-losing-it-transcript/
Volker Pispers,Volker Pispers about USA (2004) – Transcript,"Last part of Volker Pispers' program ""Bis neulich"" (2004), where the comedian deals with American foreign policy, 9/11 and the war on terror in general.",https://scrapsfromtheloft.com/2018/11/27/volker-pispers-about-usa-2004-transcript/
Trevor Noah,Trevor Noah: Son of Patricia (2018) – Full Transcript,"Trevor Noah gets out from behind the ""Daily Show"" desk and takes the stage for a stand-up special that touches on racism, immigration, camping and more.",https://scrapsfromtheloft.com/2018/11/21/trevor-noah-son-of-patricia-transcript/
Jeff Foxworthylarry The Cable Guy,Jeff Foxworthy & Larry the Cable Guy: We’ve Been Thinking (2016) – Full Transcript,Comedians Jeff Foxworthy and Larry the Cable Guy bring their distinctive brand of humor to a packed crowd in Minneapolis.,https://scrapsfromtheloft.com/2018/10/28/jeff-foxworthy-larry-the-cable-guy-weve-been-thinking-transcript/
Adam Sandler,Adam Sandler: 100% Fresh (2018) – Full Transcript,"Adam Sandler takes his comical musical musings back out on the road, from comedy clubs to concert halls to one very unsuspecting subway station. ",https://scrapsfromtheloft.com/2018/10/26/adam-sandler-100-fresh-transcript/
Jeff Foxworthy,Jeff Foxworthy: Totally Committed (1998) – Full Transcript,"Jeff Foxworthy talks about how people act, marriage, church, rednecks and how men often act (lying, being sneaky, wanting to see something naked, drinking, etc.). ",https://scrapsfromtheloft.com/2018/10/23/jeff-foxworthy-totally-committed-transcript/
Ron White,"Ron White: If You Quit Listening, I’ll Shut Up (2018) – Full Transcript","Ron “Tater Salad” White dishes out his signature brand of cynicism, riffing on sex, celebrity and the sinister habits of wild geese.",https://scrapsfromtheloft.com/2018/10/19/ron-white-if-you-quit-listening-ill-shutup-transcript/
Tom Segura,Comedy Central Presents: Tom Segura [S15E01] – Full Transcript,"Tom Segura describes the worst thing about visiting Atlantic City and does his best to understand the reality show ""I Didn't Know I Was Pregnant""",https://scrapsfromtheloft.com/2018/10/13/comedy-central-presents-tom-segura-s15e01-transcript/
Mo Amer,Mo Amer: The Vagabond (2018) – Full Transcript,"Arab-American comedian Mo Amer recounts his life as a refugee comic, from traveling with the name Mohammed to his long path to citizenship.",https://scrapsfromtheloft.com/2018/10/11/mo-amer-the-vagabond-transcript/
Joe Mande,Joe Mande’s Award-Winning Comedy Special (2017) – Full Transcript,Comedian Joe Mande performs an hour of stand up in the hope of winning the prestigious American Humour Award.,https://scrapsfromtheloft.com/2018/10/04/joe-mandes-award-winning-comedy-special-transcript/
Henry Rollins,"Henry Rollins: Keep Talking, Pal (2018) – Full Transcript","Henry Rollins waxes at a high rate of speed about the brilliance of RuPaul, meeting David Bowie, his weirdest shows, why women should rule and more in a live performance from Portland, Oregon.",https://scrapsfromtheloft.com/2018/10/04/henry-rollins-keep-talking-pal-transcript/
George Carlin,George Carlin: Saturday Night Live Monologue S01E01 (10/11/1975) – Full Transcript,"After entering the stage through the audience, George Carlin recites ""Baseball and Football"" from his new album ""An Evening with Wally Londo, Featuring Bill Slazso"".",https://scrapsfromtheloft.com/2018/10/04/george-carlin-saturday-night-live-monologue1975-s01e01/
Joe Rogan,Joe Rogan: Strange Times (2018) – Full Transcript,"Outspoken as ever, comedian Joe Rogan takes on current culture, pro wrestling, pot laws, cats, vegans and more in a stand-up special shot in Boston.",https://scrapsfromtheloft.com/2018/10/03/joe-rogan-strange-times-transcript/
Louis C.K.,Louis C.K.: SNL Monologue S38E06 [11/03/12] – Full Transcript,Louis C.K. performs stand-up about an old lady he helped out at the airport.,https://scrapsfromtheloft.com/2018/10/02/louis-ck-snl-monologue-s38e06-2012-transcript/
Louis C.K.,Louis C.K.: SNL Monologue S39E16 [03/29/14] – Full Transcript,"Louis C.K. performs observational stand-up about the existence of God and heaven, women, and wifebeater t-shirts.",https://scrapsfromtheloft.com/2018/10/02/louis-c-k-snl-monologue-march-29-2014-full-transcript/
Sarah Silverman,Sarah Silverman: Saturday Night Live Monologue – SEASON 40 | EPISODE 2 | 10/04/2014 – Transcript,Saturday Night Live alum Sarah Silverman returns as host and talks to her younger self. This is the full transcript of her monologue.,https://scrapsfromtheloft.com/2018/10/02/sarah-silvermans-monologue-saturday-night-live-2014-transcript/
Louis C.K.,"Louis C.K.: SNL Monologue May 16, 2015 – Full Transcript","Read the full transcript of Louis C.K. (in)famous, brutally honest monologue about mild racism, the Israel-Palestine conflict and child molesters. Louis knows just how to make you really uncomfortable and laugh at the same time.",https://scrapsfromtheloft.com/2018/09/30/louis-c-k-snl-monologue-2015-transcript/
John Mulaney,"John Mulaney: SNL monologue [April 14, 2018] – Full Transcript",Host John Mulaney discusses his time as a Saturday Night Live writer and shares how he's gotten grumpier as he's gotten older.,https://scrapsfromtheloft.com/2018/09/23/john-mulaney-snl-monologue-2018-transcript/
Dave Chappelle,"David Chappelle: SNL monologue [November 12, 2016] – Full Transcript","Transcript of Dave Chappelle’s opening monologue from November 12, 2016 “Saturday Night Live.” The comedian hosted the late night show for the first time and he joked about Donald Trump being elected president and how being rich changed his life.",https://scrapsfromtheloft.com/2018/09/23/david-chappelles-snl-monologue-2016-transcript/
D.L. Hughley,D.L. Hughley: Contrarian (2018) – Full Transcript,"D.L. Hughley riffs on hot-button political issues, celebrity scandals, his mother's tough love and more in a rapid-fire stand-up show in Philadelphia.",https://scrapsfromtheloft.com/2018/09/22/d-l-hughley-contrarian-transcript/
Iliza Shlesinger,Iliza Shlesinger: Freezing Hot (2015) – Full Transcript,"Comedian Iliza Shlesinger battles her inner vodka goblin, identifies women's unhealthy addiction to Pinterest, and shamelessly exposes women's love-hate relationship with cold weather.",https://scrapsfromtheloft.com/2018/09/13/iliza-shlesinger-freezing-hot-transcript/
Iliza Shlesinger,Iliza Shlesinger: War Paint (2013) – Full Transcript,"Last Comic Standing season 6 winner Iliza Shlesinger makes her major league debut with War Paint. ""War paint"" is the make-up women wear when they go out into the battlefield (the club or bar) to pick up men. ",https://scrapsfromtheloft.com/2018/09/13/iliza-shlesinger-war-paint-transcript/
Bert Kreischer,Bert Kreischer: Secret Time (2018) – Full Transcript,"Bert regales the audience at the Trocadero Theatre with stories about zip-lining with his family, his daughter practicing softball with an imaginary ball, and upstaging ex-NBA player Ralph Sampson at a childhood basketball camp.",https://scrapsfromtheloft.com/2018/08/25/bert-kreischer-secret-time-transcript/
Dick Gregory,"Dick Gregory: Speech at St. John’s Baptist Church, May 20, 1963","Transcript of Dick Gregory's speech at St. John’s Baptist Church - Birmingham, Alabama - May 20, 1963",https://scrapsfromtheloft.com/2018/08/11/dick-gregory-speech-st-johns-baptist-church-may-20-1963/
Demetri Martin,Demetri Martin: The Overthinker (2018) – Full Transcript,"With his signature one-liners and drawings, Demetri Martin muses on doughnut holes, dogs, sports bars, the alphabet's most aggressive letters, Halloween, work outs and more.",https://scrapsfromtheloft.com/2018/08/11/demetri-martin-overthinker-transcript/
Bill Maher,BILL MAHER: LIVE FROM OKLAHOMA (2018) – Full Transcript,"Bill Maher brings his hilarious stand-up show to screens from Tulsa, Oklahoma in his 11th solo show on HBO.",https://scrapsfromtheloft.com/2018/08/04/bill-maher-live-from-oklahoma-2018-full-transcript/
Rowan Atkinson,Rowan Atkinson Live (1992) – Full Transcript,"Filmed in Boston, Massachusetts, at the Huntington Theatre, on 12 December 1991, this show features Rowan Atkinson performing a series of comedy sketches before a live audience. Aired on HBO on 1 March 1992 as Rowan Atkinson: Not Just Another Pretty Face. The tv broadcast was marketed on video as Rowan Atkinson Live.",https://scrapsfromtheloft.com/2018/08/04/rowan-atkinson-live-1992-transcript/
Iliza Shlesinger,Iliza Shlesinger: Confirmed Kills (2016) – Full Transcript,"Iliza Shlesinger performs in this standup talking about dating, feminism and some of the intricacies associated with being a woman in the 21st century.",https://scrapsfromtheloft.com/2018/07/31/iliza-shlesinger-confirmed-kills-transcript/
Iliza Shlesinger,Iliza Shlesinger: Elder Millennial (2018) – Full Transcript,"Newly engaged comic Iliza Shlesinger dives into undeniable truths about life at age 35, the insanity of the road traveled and what's to come.",https://scrapsfromtheloft.com/2018/07/30/iliza-shlesinger-elder-millennial-2018-full-transcript/
Jim Gaffigan,JIM GAFFIGAN: NOBLE APE (2018) – Full Transcript,"In his all new ""Noble Ape"" stand up special, Jim Gaffigan gets personal as he discusses the medical crisis that befell his wife and family this year, which almost led to his retirement.",https://scrapsfromtheloft.com/2018/07/26/jim-gaffigan-noble-ape-full-transcript/
Jim Norton,JIM NORTON: CONTEXTUALLY INADEQUATE (2015) – Full Transcript,"Comedian Jim Norton tackles the twisted state of the 21st century, including how modern technology affects everything from free speech to hooking up.",https://scrapsfromtheloft.com/2018/07/23/jim-norton-contextually-inadequate-full-transcript/
Hannah Gadsby,Hannah Gadsby: Nanette (2018) – Full Transcript,"Hannah Gadsby take us through a journey that goes from self deprecation as a form of humor (one in which humility is confused with humiliation) to an affirmation of our value as human beings. Employing humor as a stiletto she tells her story and make us uncomfortable, she shares with us more than laughs, she shares with us a bit of her soul.",https://scrapsfromtheloft.com/2018/07/21/hannah-gadsby-nanette-transcript/
Brad Williams,BRAD WILLIAMS: DADDY ISSUES (2016) – Full Transcript,"In this comedy special, stand-up Brad Williams tackles race and political correctness, as well as how his father raised him to deal with adversity.",https://scrapsfromtheloft.com/2018/07/20/brad-williams-daddy-issues-transcript/
Deray Davis,DERAY DAVIS: HOW TO ACT BLACK (2017) – Full Transcript,"Dynamic comic DeRay Davis hits the stage like a ball of fire, nailing the finer points of living, dating and handling show business as a black man.",https://scrapsfromtheloft.com/2018/07/18/deray-davis-how-to-act-black-transcript/
Ricky Gervais,RICKY GERVAIS: LIVE IV – SCIENCE (2010) – Full Transcript,"Ricky Gervais Live IV Science or the way things worked before we invented God. The fourth live smash hit stand up show from Ricky Gervais, following his complete sell out tour - filmed live at London's Hammersmith HMV Apollo",https://scrapsfromtheloft.com/2018/07/18/ricky-gervais-live-iv-science-transcript/
Jim Jefferies,JIM JEFFERIES: THIS IS ME NOW (2018) – Full transcript,"The gleefully irreverent Jefferies skewers ""grabby"" celebrities, political hypocrisy and his own ill-advised career moves in a brash stand-up special.",https://scrapsfromtheloft.com/2018/07/14/jim-jefferies-this-is-me-now-transcript/
Bill Burr,BILL BURR: THE PHILADELPHIA INCIDENT (2006) – Transcript,"Transcript of the ""Philadelphia incident"" where comedian Bill Burr went on a 12-minute tirade attacking the audience after the previous act was heckled heavily by the crowd.",https://scrapsfromtheloft.com/2018/07/06/bill-burr-the-philadelphia-incident-2006-transcript/
Russell Peters,RUSSELL PETERS: OUTSOURCED (2006) – Full Transcript,"Russell Peters talks heavily about racism, breaking the stereotypes and finally advising the Americans to follow the other world culture when it comes to parenting.",https://scrapsfromtheloft.com/2018/07/02/russell-peters-outsourced-transcript/
Russell Peters,RUSSELL PETERS: ALMOST FAMOUS (2016) – Full Transcript,"Canadian comedy star, Russell Peters, visits Toronto's Massey Hall for a homecoming stand-up comedy performance. Russell returns to his trademark material of ethnic jokes and audience interaction.",https://scrapsfromtheloft.com/2018/06/29/russell-peters-almost-famous-2016-full-transcript/
Ron White,RON WHITE: A LITTLE UNPROFESSIONAL (2012) – Full Transcript,"With cigar in one hand and a glass of scotch in the other, Ron White delivers more than an hour of all new material with his signature, irreverent storytelling style and the best comedic timing in the business.",https://scrapsfromtheloft.com/2018/06/22/ron-white-a-little-unprofessional-transcript/
Michael Mcintyre,MICHAEL MCINTYRE: HELLO WEMBLEY! (2009) – Full Transcript,"The show features Michael's unique take on life - from getting to grips with wine menus and restaurant etiquette, to obsessive Wii playing and condiment hierarchy in the kitchen cupboard.",https://scrapsfromtheloft.com/2018/06/13/michael-mcintyre-hello-wembley-transcript/
Kevin Smith,KEVIN SMITH: SILENT BUT DEADLY (2018) – Full Transcript,"Kevin Smith is anything but quiet in this new comedy special that was recorded an hour before his heart attack in February. Before he nearly died backstage, onstage he discusses his marriage, his kid and his work (or lack thereof)",https://scrapsfromtheloft.com/2018/06/05/kevin-smith-silent-but-deadly-transcript/
Kevin James,KEVIN JAMES: NEVER DON’T GIVE UP (2018) – Full Transcript,"Kevin James is back with a new stand-up special dishing on parenting, allergies, his fans, and more.",https://scrapsfromtheloft.com/2018/05/27/kevin-james-never-dont-give-up-full-transcript/
Trevor Noah,TREVOR NOAH: LIVE AT THE O2 LONDON (2018) – PRINCE HARRY & MEGHAN MARKLE’S ROYAL WEDDING,"Performing to thousands of fans at the 02 Arena in London on May 19th 2018, Trevor Noah took some time to give his views on the royal wedding.",https://scrapsfromtheloft.com/2018/05/23/trevor-noah-royal-wedding-2018/
Brent Morin,BRENT MORIN: I’M BRENT MORIN (2015) – Full Transcript,"In a witty solo show, Brent Morin serves up infectious laughs on the agony of puberty, hot guy problems and the time a girl dumped him for a magician.",https://scrapsfromtheloft.com/2018/05/20/brent-morin-im-brent-morin-2015-full-transcript/
Nikki Glaser,NIKKI GLASER: PERFECT (2016) – Full Transcript,"Nikki Glaser brings her sharp wit to her first hour-long special, ""Perfect."" Glaser contemplates what it means to become an adult woman, and talks frankly about her relationships with porn and sexual shame.",https://scrapsfromtheloft.com/2018/05/16/nikki-glaser-perfect-2016-full-transcript/
Doug Stanhope,DOUG STANHOPE ON NATIONALISM,Nationalism does nothing but teach you to hate people you’ve never met. All of a sudden you take pride in accomplishments you had no part in whatsoever.,https://scrapsfromtheloft.com/2018/05/16/doug-stanhope-on-nationalism/
Ali Wong,ALI WONG: HARD KNOCK WIFE (2018) – Full Transcript,"Two years after the hit ""Baby Cobra,"" Ali Wong is back with another baby bump -- and a torrent of hilarious truths about marriage and motherhood.",https://scrapsfromtheloft.com/2018/05/15/ali-wong-hard-knock-wife-full-transcript/
Kavin Jay,KAVIN JAY: EVERYBODY CALM DOWN! (2018) – Full Transcript,"On a mission to defy stereotypes, Malaysian stand-up comedian Kavin Jay shares stories about growing up in the VHS era with his Singapore audience.",https://scrapsfromtheloft.com/2018/05/06/kavin-jay-everybody-calm-down-full-transcript/
John Mulaney,JOHN MULANEY: KID GORGEOUS AT RADIO CITY (2018) – Full Transcript,"In his new Netflix stand-up comedy special 'Kid Gorgeous at Radio City', John Mulaney riffs hilariously on age, mortality, and childhood memories.",https://scrapsfromtheloft.com/2018/05/05/john-mulaney-kid-gorgeous-at-radio-city-full-transcript/
Eddie Griffin,EDDIE GRIFFIN: UNDENIABLE (2018) – Full Transcript,"Undeniable is some of the most racist, sexually abusive, insulting, angriest and disrespectful material a comedian could deliver in 2018.",https://scrapsfromtheloft.com/2018/05/01/eddie-griffin-undeniable-2018-full-transcript/
Greg Davies,GREG DAVIES: YOU MAGNIFICENT BEAST (2018) – Full Transcript,"British comedian Greg Davies revisits terrifying dates, manscaping disasters, his father's pranks and more in a savagely funny stand-up special.",https://scrapsfromtheloft.com/2018/04/27/greg-davies-you-magnificent-beast-full-transcript/
Patton Oswalt,COMEDY CENTRAL PRESENTS: PATTON OSWALT (1999) – Full Transcript,"In this half-hour standup special Patton Oswalt talks about a visit to the Ann Frank Museum, getting older, reading obituaries, old movies, Easter color eggs and explores the depravity of reality television. ",https://scrapsfromtheloft.com/2018/04/20/comedy-central-patton-oswalt-1999-full-transcript/
Ricky Gervais,RICKY GERVAIS: 2012 GOLDEN GLOBES OPENING MONOLOGUE,"""The Hollywood Foreign Press have warned me that if I insult any of you, or any of them, or offend any viewers, or cause any controversy whatsoever, they’ll definitely invite me back next year.""",https://scrapsfromtheloft.com/2018/03/27/ricky-gervais-2012-golden-globes-opening-monologue/
Marlon Wayans,MARLON WAYANS: WOKE-ISH (2018) – Full Transcript,"Rollicking, outrageous and audacious, Marlon Wayans gets raw on racism, age-appropriate rap rhymes, gay rights, raising kids and even the Kardashians.",https://scrapsfromtheloft.com/2018/03/21/marlon-wayans-wokeish-transcript/
Ricky Gervais,RICKY GERVAIS: HUMANITY (2018) – Full Transcript,Ricky Gervais examines his own ability to generate controversy in a new Netflix special,https://scrapsfromtheloft.com/2018/03/15/ricky-gervais-humanity-transcript/
Adel Karam,ADEL KARAM: LIVE FROM BEIRUT (2018) – Full Transcript,"Adel Karam goes back to his hometown to appear at Beirut's renowned Casino du Liban where his standup pokes fun at everything from relationships to regional social issues with his distinctly local blend of smart, sarcastic humour. ",https://scrapsfromtheloft.com/2018/03/12/adel-karam-live-from-beirut-transcript/
Stewart Lee,STEWART LEE: 90s COMEDIAN (2006) – Full Transcript,"The Catholic Church are very worried about you all reading The Da Vinci Code. And in fact, in January last year, the Vatican actually issued an official statement reminding Dan Brown readers that the books are largely fictional and full of historically unverifiable information...",https://scrapsfromtheloft.com/2018/03/06/stewart-lee-90s-comedian-2006-full-transcript/
Mike Birbiglia,MIKE BIRBIGLIA: MY GIRLFRIEND’S BOYFRIEND (2013) – Full Transcript,Mike Birbiglia gives his audience a honest insight into his personal experiences over his life of tumultuous relationships.,https://scrapsfromtheloft.com/2018/03/03/mike-birbiglia-my-girlfriends-boyfriend-2013-full-transcript/
Dave Attell,DAVE ATTELL: ROAD WORK (2014) – Full Transcript,"As expected, Attell doesn’t hold back on disgusting and self-deprecating humor. He confesses that his genitals look more and more like a tent that no one knows how to fold and that on his best day his junk smells like a foot. ",https://scrapsfromtheloft.com/2018/02/25/dave-attell-road-work-transcript/
Eddie Izzard,EDDIE IZZARD – GLORIOUS (1997) – Full Transcript,"Eddie Izzard's routine has a loose trajectory from the beginning of the Old Testament and the creation of the world in seven days to Revelations; God, in the voice of James Mason, makes several appearances. Along the way, Izzard dramatizes or comments on the search for a career, bad giraffes, Prince Philip's gaffes, toilets in French campsites, the mysteries of hopscotch, becoming one's Dad, getting a computer to print, and his court victory after being the victim of tranny bashing.",https://scrapsfromtheloft.com/2018/02/22/eddie-izzard-glorious-1997-full-transcript/
Chris Rock,CHRIS ROCK: BRING THE PAIN (1996) – Full Transcript,"In his second HBO stand-up special Chris Rock discusses life, relationships, racism, society, politics, and controversial figures such as OJ Simpson, Marion Barry, and even the President -- speaking not only from personal experience but also keen observations.",https://scrapsfromtheloft.com/2018/02/17/chris-rock-bring-pain-transcript/
Ari Shaffir,ARI SHAFFIR: DOUBLE NEGATIVE (2017) – Full Transcript,"Shaffir’s Double Negative includes a 44-minute set called Children, followed by a 47-minute called Adulthood; both filmed on the same night at Cap City Comedy Club in Austin. Shaffir took only a brief intermission to change his wardrobe and the lighting, keeping the same crowd in the house.",https://scrapsfromtheloft.com/2018/02/17/ari-shaffir-double-negative-transcript/
Chris Rock,CHRIS ROCK: TAMBORINE (2018) – Full Transcript,"For his first stand-up special in nearly a decade, Chris Rock takes on many hot-button issues like Donald Trump and police violence, while also delving into his own personal life and mistakes, including cheating on his ex-wife and his self-described porn addiction.",https://scrapsfromtheloft.com/2018/02/15/chris-rock-tamborine-transcript/
Fred Armisen,FRED ARMISEN: STANDUP FOR DRUMMERS (2018) – Full Transcript,"For an audience of drummers, comedian Fred Armisen shares and demonstrates his thoughts on musical genres, drummer quirks, regional accents and more.",https://scrapsfromtheloft.com/2018/02/13/fred-armisen-standup-for-drummers-transcript/
Dana Carvey,"DANA CARVEY: STRAIGHT WHITE MALE, 60 (2016) – Full Transcript",Emmy-winning comedian Dana Carvey blends pitch-perfect takes on big personalities with so-true-it-hurts stories from his life as a dad of millennials.,https://scrapsfromtheloft.com/2018/02/11/dana-carvey-straight-white-male-60-2016-full-transcript/
Eddie Izzard,EDDIE IZZARD: STRIPPED (2009) – Full Transcript,"The acclaimed comedian of the surreal performs another unique stream-of-consciousness monologue in this latest live outing. Eddie ponders, among other things, the history of the world, cows in cars, and the existence of God.",https://scrapsfromtheloft.com/2018/02/08/eddie-izzard-stripped-2009-full-transcript/
Todd Glass,TODD GLASS: ACT HAPPY (2018) – Full Transcript,Try to keep up as comedian Todd Glass delivers rapid-fire stand-up that bounces from his heart attack to his coming out to how to eat a Kit Kat.,https://scrapsfromtheloft.com/2018/01/30/todd-glass-act-happy-transcript/
Brian Regan,BRIAN REGAN: STANDING UP (2007) – Full Transcript,"Stand-up comedian Brian Regan offers his unique take on the absurd aspects of everyday life in this hilarious Comedy Central concert. With offbeat originality, Regan riffs on flight delays, greeting cards, baby books and his 3-year-old daughter.",https://scrapsfromtheloft.com/2018/01/29/brian-regan-standing-up-2007-full-transcript/
Brian Regan,BRIAN REGAN: NUNCHUCKS AND FLAMETHROWERS (2017) – Full Transcript,"Brian Regan takes relatable family humor to new heights as he talks board games, underwear elastic and looking for hot dogs in all the wrong places. Recorded at The Paramount Theatre in Denver.",https://scrapsfromtheloft.com/2018/01/28/brian-regan-nunchucks-flamethrowers-transcript/
Katt Williams,KATT WILLIAMS: GREAT AMERICA (2018) – Full Transcript,"Live performance of comedian Katt Williams riffing on the American political climate, racial tensions, sex and his disdain for roast beef.",https://scrapsfromtheloft.com/2018/01/27/katt-williams-great-america-2018-full-transcript/
Jimmy Carr,JIMMY CARR: BEING FUNNY (2011) – Full Transcript,"According to Ofcom, the people that make guidelines for television, the most offensive words on TV are the F word and C word, but I'm live on stage this evening so I can say whatever the fuck I like. And those cunts can't do anything about it.",https://scrapsfromtheloft.com/2018/01/25/jimmy-carr-being-funny-transcript/
Jimmy Carr,JIMMY CARR: LAUGHING AND JOKING (2013) – Full Transcript,"""I've been described as the hardest-working man in comedy. Not that impressive, is it? The hardest-working man in comedy. That's like being the best-looking guy in the burns unit. No offence to any burns victims we've got in. Are there any in? If there's one, there'll be fucking loads. They tend to stick together.""",https://scrapsfromtheloft.com/2018/01/23/jimmy-carr-laughing-and-joking-2013-full-transcript/
Eddie Izzard,EDDIE IZZARD: UNREPEATABLE (1994) – Full Transcript,"Recorded at the Albery Theatre in March 1994, Eddie Izzard delivers over 70 minutes of scatological material to a sold out crowd. He covers everything from films, Star Trek, cats, shopping and supermarkets.",https://scrapsfromtheloft.com/2018/01/21/eddie-izzard-unrepeatable-transcript/
D.L. Hughley,D.L. HUGHLEY: UNAPOLOGETIC (2007) – Full Transcript,"D.C., Hughley focuses on such topics as the dangers of living in the nation's capital, the qualifications of the 2008 presidential candidates, the current administration, the immigration debate, Cuban refugees, airplane restrictions, the 'n' word, Don Imus and freedom of speech, whites and blacks on cruise ships, Paris Hilton, and much more...",https://scrapsfromtheloft.com/2018/01/19/d-l-hughley-unapologetic-2007-full-transcript/
Bridget Everett,BRIDGET EVERETT: GYNECOLOGICAL WONDER (2015) – Full Transcript,"Bridget Everett takes everyone by the balls in her one-hour special, Gynecological Wonder. Her raucous, raunchy and hilarious show is as heartfelt as it is unpredictable as she belts out beautiful songs that will make you laugh, cry and sometimes cringe.",https://scrapsfromtheloft.com/2018/01/19/bridget-everett-gynecological-wonder-2015-full-transcript/
Chris Rock,CHRIS ROCK: NEVER SCARED (2004) – Full Transcript,"The number one reason people hate America, the number one reason is because of our religion. Americans worship money, we worship money. Separate God from school, separate God from work, separate God from government but on your money it says in God we trust.",https://scrapsfromtheloft.com/2018/01/19/chris-rock-never-scared-2004-full-transcript/
Stewart Lee,STEWART LEE: STAND-UP COMEDIAN (2005) – Full Transcript,"English stand-up comedian Stewart Lee stands in front of a room full of inebriated Glaswegians and tells them that William Wallace may have been ""a gay"" and ""a Scottish paedophile - the worst kind of paedophile there is"" as well as suggesting that Gaelic is the language of gays.",https://scrapsfromtheloft.com/2018/01/17/stewart-lee-standup-comedian-full-transcript/
Jimmy Carr,JIMMY CARR: FUNNY BUSINESS (2016) – Full Transcript,"Jimmy Carr is a notorious divider of audiences. With his jokes he severely pushes the limits of ethics and morality, and makes jokes of subjects that most other comedians (even in today's society) wouldn't even touch with an iron rod.",https://scrapsfromtheloft.com/2018/01/17/jimmy-carr-funny-business-transcript/
Eddie Izzard,EDDIE IZZARD: DRESS TO KILL (1999) – Full Transcript,"Executive transvestite Eddie Izzard takes his show to San Francisco to give a brief history of pagan and Christian religions, the building of Stonehenge, the birth of the Church of England and of Western empires, and the need for a European dream.",https://scrapsfromtheloft.com/2018/01/15/eddie-izzard-dress-kill-1999-full-transcript/
Chris Tucker,CHRIS TUCKER: LIVE (2015) – Full Transcript,"In this Netflix special, Chris Tucker returns to the stage he loves and showcases his mind-blowing comedic chops as he shares his experiences from childhood to the big time.",https://scrapsfromtheloft.com/2018/01/14/chris-tucker-live-2015-full-transcript/
Kevin Hart,KEVIN HART: WHAT NOW (2016) – Full Transcript,"Kevin Hart performs at Lincoln Financial Field in Philadelphia, providing a humorous insight into parenting, people on the edge, and hardships in everyday life.",https://scrapsfromtheloft.com/2018/01/14/kevin-hart-what-now-2016-full-transcript/
Kevin Hart,KEVIN HART: LET ME EXPLAIN (2013) – Full Transcript,"Filmed at a sold-out performance at Madison Square Garden, comedian Kevin Hart delivers material from his 2012 ""Let Me Explain"" concert tour.",https://scrapsfromtheloft.com/2018/01/14/kevin-hart-let-me-explain-2013-full-transcript/
Tom Segura,TOM SEGURA: DISGRACEFUL (2018) – Full transcript,"Tom Segura gives voice to the sordid thoughts you'd never say out loud, with blunt musings on porn, parking lot power struggles, parenthood and more.",https://scrapsfromtheloft.com/2018/01/13/tom-segura-disgraceful-2018-full-transcript/
Bill Hicks,"BILL HICKS: LIVE AT LAFF STOP, AUSTIN, TX, AND COBBS, SAN FRANCISCO, CA (1993) – Full Transcript","Well, folks, this is kind of a sentimental evening for me because . . . this is my final live performance I’ll ever do, ever. No biggie, no, no, no, no, no hard feelings, no sour grapes whatsoever. I’ve been doing this sixteen years, enjoyed every second of it",https://scrapsfromtheloft.com/2018/01/12/bill-hicks-live-at-laff-stop-austin-tx-and-cobbs-san-francisco-ca-1993/
Michelle Wolf,MICHELLE WOLF: NICE LADY (2017) – Full Transcript,"Comedian Michelle Wolf (The Daily Show with Trevor Noah) stars in her first HBO special — an hour of stand-up featuring her observations on feminism, dating, and other social issues. Nice Lady is directed by stand-up comedian and writer Neal Brennan",https://scrapsfromtheloft.com/2018/01/12/michelle-wolf-nice-lady-2017-full-transcript/
Fahim Anwar,FAHIM ANWAR: THERE’S NO BUSINESS LIKE SHOW BUSINESS (2017) – Transcript,"Pigeons, NBA Jam, a Disney Channel audition gone wrong. Fahim Anwar displays some of the smartest stupid material with moments of poignancy in his first one hour special.",https://scrapsfromtheloft.com/2018/01/10/fahim-anwar-theres-no-business-like-show-business-2017-full-transcript/
Ellen Degeneres,ELLEN DEGENERES: THE BEGINNING (2000) – Full Transcript,"talks about everything from the world of insects to mundane shampoo bottle directions to being caught by the highway patrol wearing nothing but a leather harness, captain's hat & paddle on the road. She opens her stand-up comedy special doing an interpretive dance expressing her experience coming out, ",https://scrapsfromtheloft.com/2018/01/10/ellen-degeneres-the-beginning-2000-full-transcript/
Maz Jobrani,MAZ JOBRANI: IMMIGRANT (2017) – Full Transcript,"Iranian American comic Maz Jobrani lights up the Kennedy Center with riffs on immigrant life in the Trump era, modern parenting pitfalls and more.",https://scrapsfromtheloft.com/2018/01/09/maz-jobrani-immigrant-2017-full-transcript/
Todd Barry,TODD BARRY: SPICY HONEY (2017) – Full Transcript,"With his calm demeanor, somber tone, and shiny head, Todd delivers non offensive jokes, with the dry humor subject matter that will always leave you wondering if its a joke, or some twisted version of the truth.",https://scrapsfromtheloft.com/2018/01/08/todd-barry-spicy-honey-2017-full-transcript/
Jerry Seinfeld,JERRY SEINFELD: I’M TELLING YOU FOR THE LAST TIME (1998) – Full Transcript,"Jerry Seinfeld is more or less the perfect mainstream comic. He doesn't swear; he does not express political opinions; he does not do adult material; he is rarely topical, so his shows don't date. What he does is observational comedy – at its most orthodox, and at the very highest level.",https://scrapsfromtheloft.com/2018/01/07/jerry-seinfeld-im-telling-you-for-the-last-time-full-transcript/
Craig Ferguson,CRAIG FERGUSON: DOES THIS NEED TO BE SAID? (2011) – Full Transcript,"In ""Craig Ferguson: Does This Need to be Said?,"" filmed at Nashville's Polk Theatre, Ferguson tackles everything from profanity and celebrity to politics and culture. 

",https://scrapsfromtheloft.com/2018/01/07/craig-ferguson-does-this-need-to-be-said-2011-full-transcript/
Craig Ferguson,CRAIG FERGUSON: TICKLE FIGHT (2017) – Full Transcript,"Craig Ferguson tackles topics including the challenges of growing a beard, his love of hating magicians, coming of age in the 70's, social media angst, and sharing what he believes to be the oldest joke in the world.",https://scrapsfromtheloft.com/2018/01/07/craig-ferguson-tickle-fight-2017-full-transcript/
Dylan Moran,"DYLAN MORAN: LIKE, TOTALLY… (2006) – Full Transcript","Acerbic, eternally world-weary comic in stand up routine. Dylan Moran holds forth on matters important to him such as smoking (pro rather than anti), drink, drugs, music, women and children.",https://scrapsfromtheloft.com/2018/01/05/dylan-moran-like-totally-2006-full-transcript/
Dave Chappelle,DAVE CHAPPELLE: EQUANIMITY (2017) – Transcripción completa,Original English transcript here [“Killing Me Softly with His Song”] ♪ I heard he sang a good song ♪ ♪ I heard he had a style ♪ ♪ And so I came to see him To listen for a while ♪ ♪ And there he was This young boy ♪ [...],https://scrapsfromtheloft.com/2018/01/05/dave-chappelle-equanimity-2017-transcripcion-completa/
Dave Chappelle,DAVE CHAPPELLE: THE BIRD REVELATION (2017) – Transcripción completa,"Original English transcript here [Dave Chappelle] A veces, decir algo gracioso es cruel. ¿Me entienden? Es difícil estar en esa situación. Yo digo muchas cosas crueles, pero deben recordar que mi intención no es ser cruel. Solo lo digo porque es gracioso. Y todo es gracioso hasta que nos sucede [...]",https://scrapsfromtheloft.com/2018/01/05/dave-chappelle-bird-revelation-2017-transcripcion-completa/
Dave Chappelle,DAVE CHAPPELLE: HBO HALF HOUR (1998) – Traduzione italiana,"Trascrizione integrale del primo ""HBO Comedy Half Hour Special"" di Dave Chappelle. Andato in onda il 9 gennaio 1998",https://scrapsfromtheloft.com/2018/01/05/dave-chappelle-hbo-half-hour-1998-traduzione-italiana/
Trevor Noah,TREVOR NOAH: LIVE AT THE APOLLO (2013) – Transcript,"Trevor Noah on growing up mixed race in South Africa (from BBC's Live at the Apollo, 2013)",https://scrapsfromtheloft.com/2018/01/04/trevor-noah-live-at-the-apollo-2013-transcript/
Dave Chappelle,DAVE CHAPPELLE: THE BIRD REVELATION (2017) – Full Transcript,"In “The Bird Revelation,” Dave Chappelle addresses accusations against Kevin Spacey, Louis C.K. and Harvey Weinstein with the conspiratorial tone of someone who wants to tell you what everyone (including Chappelle himself) is afraid to say.",https://scrapsfromtheloft.com/2018/01/03/dave-chappelle-the-bird-revelation-2017-full-transcript/
Dave Chappelle,DAVE CHAPPELLE: EQUANIMITY (2017) – Full Transcript,"In ""Dave Chappelle: Equanimity,"" the comedian revels in taking on culture and class, politics and the specter of getting old.",https://scrapsfromtheloft.com/2018/01/03/dave-chappelle-equanimity-2017-full-transcript/
Craig Ferguson,CRAIG FERGUSON: I’M HERE TO HELP (2013) – Full Transcript,"Craig Ferguson unleashes his trademark stream-of-consciousness comedy before a sold-out crowd, riffing on fatherhood, Helen of Troy and shark penises. His show’s not safe for kids – or the easily offended.",https://scrapsfromtheloft.com/2018/01/02/craig-ferguson-im-here-to-help-2013-full-transcript/
Russell Howard,RUSSELL HOWARD: RECALIBRATE (2017) – Full Transcript,"Comedian Russell Howard brings his manic energy to a new stand-up special that tackles politics, childhood and why he's a jerk.",https://scrapsfromtheloft.com/2018/01/02/russell-howard-recalibrate-2017-full-transcript/
Whitney Cummings,WHITNEY CUMMINGS: I LOVE YOU (2014) – Full Transcript,"In her second Comedy Central special, taped at the Barclay Theatre in Irvine, CA, Whitney dissects her recent breakup, her TV show, and the troubling voices in her head.",https://scrapsfromtheloft.com/2017/12/25/whitney-cummings-i-love-2014-full-transcript/
Whitney Cummings,WHITNEY CUMMINGS: I’M YOUR GIRLFRIEND (2016) – Full Transcript,"Whitney Cummings becomes every guy's girlfriend and riffs on men, women, guys, girls, male/female roles, the male body, the female body, vaginas, dicks, birth control, squirting and selfies.",https://scrapsfromtheloft.com/2017/12/25/whitney-cummings-im-your-girlfriend-2016-full-transcript/
Sarah Millican,SARAH MILLICAN: CHATTERBOX LIVE (2011) – Full Transcript,Chatterbox Live invites you to enter the wonderful world of Sarah Millican--where living alone drives your parents to put you on suicide watch; where a cup of tea in the bath is the epitome of luxury and where free family planning clinic condoms make perfect stocking fillers.,https://scrapsfromtheloft.com/2017/12/24/sarah-millican-chatterbox-live-2011-full-transcript/
Anjelah Johnson,ANJELAH JOHNSON: NOT FANCY (2015) – Full Transcript,"Angelah Johnson waxes about religion, married life, travel, and food among other topics in this stand up special taped live in California.",https://scrapsfromtheloft.com/2017/12/20/anjelah-johnson-not-fancy-2015-full-transcript/
Ricky Gervais,RICKY GERVAIS LIVE 2: POLITICS (2004) – Full Transcript,"Starting out at the Houses of Parliament, Ricky Gervais shows how politics are all around us  even demonstrating on a passing disabled man. This trend continues once he is onstage and he covers all sorts of topics with a vague connection to politics and daily life. ",https://scrapsfromtheloft.com/2017/12/16/ricky-gervais-live-2-politics-2004-full-transcript/
Russell Howard,RUSSELL HOWARD LIVE: DINGLEDODIES (2009) – Full Transcript,"Recorded at Brighton Dome as part of his twice extended sell-out Dingledodies tour, the show sees the star of Mock the Week and Russell Howard's Good News share his observations on life.",https://scrapsfromtheloft.com/2017/12/16/russell-howard-live-dingledodies-2009-full-transcript/
Christina Pazsitzky,CHRISTINA PAZSITZKY: MOTHER INFERIOR (2017) – Full Transcript,"Christina Pazsitzky hits Seattle with a biting dose of reality, telling truths about her childhood, getting older and the horrors of giving birth",https://scrapsfromtheloft.com/2017/12/10/9980/
Jack Whitehall,JACK WHITEHALL: AT LARGE (2017) – Full Transcript,"Comedian Jack Whitehall takes the stage to tell stories about drinking, drugs, a Google Maps van and his ongoing rivalry with Robert Pattinson.",https://scrapsfromtheloft.com/2017/12/09/jack-whitehall-at-large-2017-full-transcript/
Cristela Alonzo,CRISTELA ALONZO: LOWER CLASSY (2017) – Full Transcript,The overall tone of Lower Classy is one of gentle self-mockery but peppered with some subtle political commentary. ,https://scrapsfromtheloft.com/2017/12/09/cristela-alonzo-lower-classy-2017-full-transcript/
Judah Friedlander,JUDAH FRIEDLANDER: AMERICA IS THE GREATEST COUNTRY IN THE UNITED STATES (2017) – Full Transcript,"Judah Friedlander’s comedy special mostly pokes fun at American Exceptionalism, U.S. domestic & foreign policy. According to the comedian’s website, “it’s a comedy about racism, sexism, imperialism, climate change, health care, LGBTQ rights, fascism, drones and mass incarceration.”",https://scrapsfromtheloft.com/2017/12/08/judah-friedlander-america-is-the-greatest-country-in-the-united-states-2017-full-transcript/
Aziz Ansari,AZIZ ANSARI: LIVE IN MADISON SQUARE GARDEN (2015) – Full Transcript,"Stand-up comedian and TV star Aziz Ansari delivers his sharp witted take on immigrants, relationships and the food industry.",https://scrapsfromtheloft.com/2017/12/07/aziz-ansari-live-in-madison-square-garden-2015-full-transcript/
Aziz Ansari,AZIZ ANSARI: BURIED ALIVE (2013) – Full Transcript,"Aziz Ansari focuses his unique viewpoint on pending adulthood, babies, marriage and love in the modern era.",https://scrapsfromtheloft.com/2017/12/07/aziz-ansari-buried-alive-2013-full-transcript/
Paul Mooney,PAUL MOONEY: A PIECE OF MY MIND – GODBLESS AMERICA (2014) – Full Transcript,"This special captures the respected and controversial stand-up comic, Paul Mooney, performing a politically tinged act that deals with hot-button topics such as race relations. His venomous, no-holds-barred style is on full display. Defiant, socially relevant, and always hilarious, it's a legendary Mooney performance.",https://scrapsfromtheloft.com/2017/12/01/paul-mooney-piece-mind-godbless-america-2014-full-transcript/
Patton Oswalt,PATTON OSWALT: ANNIHILATION (2017) – Full Transcript,"By turns scathing and candid, Patton Oswalt reflects on the glut of comic material in the Trump era and the dark days following a personal tragedy.",https://scrapsfromtheloft.com/2017/11/26/patton-oswalt-annihilation-2017-full-transcript/
Chris Rock,"CHRIS ROCK: KILL THE MESSENGER – LONDON, NEW YORK, JOHANNESBURG (2008) – Full Transcript","Chris Rock: Kill the Messenger is Chris Rock's fifth HBO comedy special. It was edited together from three performances: one at the HMV Hammersmith Apollo in London, one at the Apollo Theater in New York City, and one at the Carnival City Casino in Johannesburg.",https://scrapsfromtheloft.com/2017/11/25/chris-rock-kill-the-messenger-london-new-york-johannesburg-2008-movie-script/
Bill Maher,BILL MAHER: LIVE FROM D.C. (2014) – Full Transcript,"In this special with Bill Maher, the political commentator and satirist discusses midterm elections, income inequality, the Republican psyche, a Trump lawsuit, why the Pope is an atheist and why tattoos are stupid.",https://scrapsfromtheloft.com/2017/11/23/bill-maher-live-from-d-c-2014-full-transcript/
Sarah Silverman,SARAH SILVERMAN: JESUS IS MAGIC (2005) – Full Transcript,"Sarah Silverman is subtle, provocative, and disturbing. Her guileless, deadpan parody of profane ideas is like a naive child faithfully repeating something horrifying that she overheard her parents whisper.",https://scrapsfromtheloft.com/2017/11/10/sarah-silverman-jesus-is-magic-2005-full-transcript/
Sarah Silverman,SARAH SILVERMAN: WE ARE MIRACLES (2013) – Full Transcript,"Sharp-witted Sarah Silverman performs in front of an intimate audience of just 39 fans at L.A.’s Largo nightclub, taking aim at such subjects as cell-phone porn, crazy religions, specialty deodorants, terrible roommates, eyebrow waxing, her 19-year-old dog, and the miracle of existence.",https://scrapsfromtheloft.com/2017/11/10/sarah-silverman-we-are-miracles-2013-full-transcript/
Pablo Francisco,PABLO FRANCISCO: OUCH! LIVE FROM SAN JOSE (2006) – Full Transcript,"""Are you ready?"" ""Brokeba...homies"". That's good. It's about a six on that one. ""Are you ready?"" Pablo! Pablo! ""All right, here we go."" No, that's a three at most. ""Alright. Hey."" ""Hi, I'm William Hung. Hello."" That's about a seven. Pablo! Pablo! ""Are you ready? Are you? Are you ready?"" [...]",https://scrapsfromtheloft.com/2017/11/09/pablo-francisco-ouch-live-san-jose-2006-full-transcript/
Bill Maher,BILL MAHER… BUT I’M NOT WRONG (2010) – Full Transcript,"In his ninth HBO stand-up comedy special, Maher covers various political and social topics such as Barack Obama, the Tea Party movement, the economy, drugs, terrorism, war and religion.",https://scrapsfromtheloft.com/2017/11/08/bill-maher-but-im-not-wrong-2010-full-transcript/
Russell Brand,RUSSELL BRAND: MESSIAH COMPLEX (2013) – Full Transcript,"Russell Brand takes on Icons, corporations, commercial exploitation, cult of personality, celebrity worship, sex, drugs and his own hypocrisy in a hilarious and scathing performance filmed live at London's Historic Hammersmith Apollo.",https://scrapsfromtheloft.com/2017/11/07/russell-brand-messiah-complex-2013-full-transcript/
Chris Rock,CHRIS ROCK: BIGGER & BLACKER (1999) – Full Transcript,Chris Rock brings his critically acclaimed brand of social commentary-themed humor to this 1999 standup comedy presentation from HBO.,https://scrapsfromtheloft.com/2017/11/07/chris-rock-bigger-blacker-1999-full-transcript/
Gabriel Iglesias,GABRIEL IGLESIAS: HOT AND FLUFFY (2007) – Full Transcript,"Gabriel Iglesias blends storytelling, sound effects and characters to bring his personal issues to life, riffing about his oversized belly and more.",https://scrapsfromtheloft.com/2017/11/07/gabriel-iglesias-hot-and-fluffy-2007-full-transcript/
Gabriel Iglesias,GABRIEL IGLESIAS: I’M NOT FAT … I’M FLUFFY (2009) – Full Transcript,"Good-natured comedian Gabriel Iglesias riffs on race, his family, his fans and his own fatness in this stand-up special filmed live in El Paso, Texas.",https://scrapsfromtheloft.com/2017/11/07/gabriel-iglesias-im-not-fat-im-fluffy-2009-full-transcript/
Gabriel Iglesias,GABRIEL IGLESIAS: I’M SORRY FOR WHAT I SAID WHEN I WAS HUNGRY (2016) – Full Transcript,"Hawaiian-shirt enthusiast Gabriel ""Fluffy"" Iglesias finds the laughs in racist gift baskets, Prius-driving cops and all-female taco trucks.",https://scrapsfromtheloft.com/2017/11/06/gabriel-iglesias-im-sorry-for-what-i-said-when-i-was-hungry-2016-full-transcript/
George Carlin,GEORGE CARLIN ON ABORTION AND “PRO-LIFERS”,"George Carlin on the 1996 HBO special “Back in Town”, blasting “pro-lifers”, conservatives and generally “anti-women” entities such as the Catholic Church.",https://scrapsfromtheloft.com/2017/10/25/george-carlin-pro-life-abortion-and-the-sanctity-of-life/
Richard Pryor,RICHARD PRYOR’S MONOLOGUE AT THE SATURDAY NIGHT LIVE [ 13/12/1975],Richard Pryor performs a stand-up routine about being drunk in a bar.,https://scrapsfromtheloft.com/2017/10/25/richard-pryors-monologue-saturday-night-live-1975/
Hasan Minhaj,HASAN MINHAJ: HOMECOMING KING (2017) – Full Transcript,"Comic Hasan Minhaj of ""The Daily Show"" shares personal stories about racism, immigrant parents, prom night horrors and more in this stand-up special.",https://scrapsfromtheloft.com/2017/10/21/hasan-minhaj-homecoming-king-2017-full-transcript/
Frankie Boyle,FRANKIE BOYLE LIVE 2: IF I COULD REACH OUT THROUGH YOUR TV AND STRANGLE YOU I WOULD (2010) – Transcript,"Scotland's sharp-tongued comedian wears his political incorrectness as a badge of honor, skewering modern society in this 2010 stand-up gig.",https://scrapsfromtheloft.com/2017/10/18/frankie-boyle-live-2-if-i-could-reach-out-through-your-tv-and-strangle-you-i-would-2010-transcript/
Frankie Boyle,FRANKIE BOYLE: HURT LIKE YOU’VE NEVER BEEN LOVED (2015) – Full Transcript,"The notoriously controversial comedian Frankie Boyle delivers devastating social commentary by way of one-liners about the economy, corruption and more.",https://scrapsfromtheloft.com/2017/10/15/frankie-boyle-hurt-like-you-ve-never-been-loved-transcript/
Frankie Boyle,FRANKIE BOYLE LIVE – THE LAST DAYS OF SODOM (2012) – Full Transcript,"Hilariously distasteful, highly offensive, brutally honest, stand-up opinionator Frankie Boyle entertains a live crowd with savage attacks on Britain and the world.",https://scrapsfromtheloft.com/2017/10/15/frankie-boyle-live-the-last-days-of-sodom-2012-full-transcript/
Rory Scovel,RORY SCOVEL TRIES STAND-UP FOR THE FIRST TIME (2017) – Full Transcript,"Comedian Rory Scovel storms the stage in Atlanta, where he shares unfocused thoughts about things that mystify him, relationships and the ""Thong Song.""",https://scrapsfromtheloft.com/2017/10/15/rory-scovel-tries-stand-up-for-the-first-time-a-netflix-special/
Lisa Lampanelli,LISA LAMPANELLI: BACK TO THE DRAWING BOARD (2015) – Full Transcript,"In Lisa Lampanelli's fifth stand-up special, the world's edgiest insult comic has a radically different look after her 100-pound weight loss and funky haircut. She's newly divorced and has re-started her entire life. ",https://scrapsfromtheloft.com/2017/10/10/lisa-lampanelli-back-to-the-drawing-board-2015-full-transcript/
Dave Attell,COMEDY CENTRAL PRESENTS: DAVE ATTELL (1999) – Full Transcript,"Dave Attell (S02E07) is the seventh episode of season two of ""Comedy Central Presents"" released on Saturday July 10, 1999.",https://scrapsfromtheloft.com/2017/10/10/comedy-central-presents-dave-attell-1999-full-transcript/
Erik Griffin,ERIK GRIFFIN: THE UGLY TRUTH (2017) – Full Transcript,"Erik Griffin’s performance at The Laugh Factory in Long Beach, Calif., finds him facing his titular ugly truth about both his outsides and his insides.",https://scrapsfromtheloft.com/2017/10/08/erik-griffin-the-ugly-truth-2017-full-transcript/
Chris Rock,CHRIS ROCK AT THE SATURDAY NIGHT LIVE (1996) – Transcript,"Transcript of Chris Rock's monologue at the Saturday Night Live, 1996",https://scrapsfromtheloft.com/2017/10/08/chris-rocks-monologue-saturday-night-live-1996/
Jen Kirkman,JEN KIRKMAN: JUST KEEP LIVIN’? (2017) – Full Transcript,"Jen Kirkman jokes about women's bodies, meditation, and a ghostly tour guide in her stand-up routine.",https://scrapsfromtheloft.com/2017/10/07/jen-kirkman-just-keep-livin-2017-full-transcript/
Daniel Tosh,COMEDY CENTRAL PRESENTS: DANIEL TOSH (2003) – Full Transcript,Daniel Tosh reveals his child-like dreams and twisted fascination with cannibalism. ,https://scrapsfromtheloft.com/2017/10/04/comedy-central-presents-daniel-tosh-2003-full-transcript/
George Carlin,GEORGE CARLIN: RELIGION IS BULLSHIT,"When it comes to bullshit, big-time, major league bullshit, you have to stand in awe of the all-time champion of false promises and exaggerated claims, religion.",https://scrapsfromtheloft.com/2017/10/03/george-carlin-religion-is-bullshit/
George Carlin,Saturday Night News with George Carlin [11/10/1984] – Full Transcript,".....George Carlin .....Pamela Stephenson .....Gary Kroeger Lew Goldman.....Billy Crystal Announcer: And now, ""Saturday Night News"", with guest anchorperson George Carlin. George Carlin: Thank you, Don Pardo. Our top story tonight: The crew of the NASA space shuttle Discovery spent their fourth day in orbit posing for television pictures and waving [...]",https://scrapsfromtheloft.com/2017/10/03/saturday-night-news-with-george-carlin-11-10-1984-transcript/
Jim Jefferies,JIM JEFFERIES E IL CONTROLLO DELLE ARMI IN AMERICA,Il comico australiano Jim Jefferies ridicolizza l'ossessione americana per le armi nel suo speciale BARE Netflix (2014),https://scrapsfromtheloft.com/2017/10/02/jim-jefferies-e-il-controllo-della-armi-in-america/
Daniel Tosh,DANIEL TOSH: COMPLETELY SERIOUS (2007) – Full Transcript,"Full transcript of comedy special ""Completely Serious"", by stand-up performer Daniel Tosh",https://scrapsfromtheloft.com/2017/09/30/daniel-tosh-completely-serious-2007-full-transcript/
Al Madrigal,AL MADRIGAL: WHY IS THE RABBIT CRYING? (2013) – Full Transcript,"In his first Comedy Central one-hour special, Al Madrigal tells true tales of Coach Frankie the Cholo soccer dad, ""Liam Neeson"" the mushroom-addled cleaning lady, and Jesus the day laborer mas fuerte!",https://scrapsfromtheloft.com/2017/09/30/al-madrigal-why-is-the-rabbit-crying-2013-full-transcript/
Neal Brennan,NEAL BRENNAN: 3 MICS (2017)- Full Transcript,"Wicked one-liners and soul-baring confessions converge in this uniquely intimate stand-up special from ""Chappelle's Show"" co-creator Neal Brennan.",https://scrapsfromtheloft.com/2017/09/28/neal-brennan-3-mics-2017-full-transcript/
Norm Macdonald,NORM MACDONALD: ONE NIGHT STAND (1991) – Full Transcript,"Star of the hit comedy series ""Saturday Night Live"", Norm MacDonald appears on HBO's stand-up series ""One Night Stand"". The show was taped at The Vic Theatre in Chicago.",https://scrapsfromtheloft.com/2017/09/27/norm-macdonald-one-night-stand-1991/
John Mulaney,JOHN MULANEY: NEW IN TOWN (2012) – Full Transcript,"Stand-up comedian John Mulaney tackles such red-hot topics as quicksand, Motown singers and an elderly man he once met in a bathroom.",https://scrapsfromtheloft.com/2017/09/25/john-mulaney-new-in-town-2012-full-transcript/
Donald Glover,DONALD GLOVER: WEIRDO (2012) – Full Transcript,"Yeah. Yeah. Yeah. Yeah, gonna talk about a lot of stuff. My parents are gonna see it. They're the ones in the other car. My mom hasn't. Yeah. I want her to see what I do, you know? Yeah... but you know, if you gotta do that... You know, you [...]",https://scrapsfromtheloft.com/2017/09/20/donald-glover-weirdo-2012-full-transcript/
Ali Wong,ALI WONG: BABY COBRA (2016) – Full Transcript,"Ali Wong's stand up special delves into her sexual adventures, hoarding, the rocky road to pregnancy, and why feminism is terrible.",https://scrapsfromtheloft.com/2017/09/19/ali-wong-baby-cobra-2016-full-transcript/
Norm Macdonald,"NORM MACDONALD: HITLER’S DOG, GOSSIP & TRICKERY (2017) – Full Transcript","In this new stand-up special, Norm Macdonald delivers sly, deadpan observations from an older — and perhaps even wiser — point of view.",https://scrapsfromtheloft.com/2017/09/18/norm-macdonald-hitlers-dog-gossip-trickery-2017-full-transcript/
Daniel Tosh,DANIEL TOSH: PEOPLE PLEASER (2016) – Full Transcript,"Transcript of the Stand-up Special that Daniel Tosh did for Comedy Central, which he performed in July 2015 at The Wilshire Ebell Theater, in Los Angeles",https://scrapsfromtheloft.com/2017/09/17/daniel-tosh-people-pleaser-2016-full-transcript/
Marc Maron,MARC MARON: MORE LATER (2015) – Full Transcript,"More Later captures Maron as he dishes out compelling, raw and wildly honest stand-up. In this brand new special, Maron tackles religion, relationships, rage, Skype sex and ice cream among other topics. ",https://scrapsfromtheloft.com/2017/09/17/marc-maron-more-later-2015-full-transcript/
Dylan Moran,DYLAN MORAN: OFF THE HOOK (2015) – Full Transcript,"Moran shows off his highly quotable brand of crackpot lyricism in routines about midlife travails, hipster scorn and feeling like a ‘jelly baby with money’ ",https://scrapsfromtheloft.com/2017/09/13/dylan-moran-off-the-hook-2015-full-transcript/
Richard Pryor,RICHARD PRYOR: LIVE AND SMOKIN’ (1971) – Full Transcript,Richard Pryor delivering his one-of-a-kind routine. One of his earliest live performances in 1971 at the Improvisation in New York.,https://scrapsfromtheloft.com/2017/09/10/richard-pryor-live-and-smokin-1971-full-transcript/
Richard Pryor,RICHARD PRYOR: …HERE AND NOW (1983) – Full Transcript,"Three years after a drug-related accident that nearly killed him, a clean and sober Richard Pryor weighs in on heroin, Ronald Reagan and more.",https://scrapsfromtheloft.com/2017/09/10/richard-pryor-here-and-now-1983/
Bill Burr,BILL BURR: WHY DO I DO THIS (2008) – Testo italiano completo,"Va bene, grazie, grazie mille. Va bene, Gesù. Va bene, va bene. Sedetevi, sedetevi. Avremo di che parlare... Va bene, grazie, grazie. Grazie mille. Grazie. Va bene, va bene, grazie, grazie... Gesù Cristo! Distribuisci un po' di biglietti omaggio e si presentano tutti. ""Questo tizio spacca! Biglietti omaggio! Mi piace!"" [...]",https://scrapsfromtheloft.com/2017/09/08/bill-burr-i-2008-testo-italiano-completo/
Amy Schumer,AMY SCHUMER: MOSTLY SEX STUFF (2012) – Full Transcript,"In her raunchy and matter-of-fact style, Amy Schumer leaves all inhibitions at the door. No topic is off limits, from encounters with unexpected body parts to hate-filled personal grooming appointments. Forget boundaries. When Amy discusses her sex life, there are none.",https://scrapsfromtheloft.com/2017/09/08/amy-schumer-mostly-sex-stuff-2012-full-transcript/
Jim Jefferies,Jim Jefferies: Alcoholocaust (2010) – Transcript,"*Alcoholocaust: (Meaning: The aftermath of a drinking party, usually resulting in every available horizontal surface being covered in empty booze containers, spilled beverages, and a general sticky alcoholic residue.)",https://scrapsfromtheloft.com/2017/09/07/jim-jefferies-alcoholocaust-2010-full-transcript/
Amy Schumer,AMY SCHUMER: LIVE AT THE APOLLO (2015) – Full Transcript,"Emmy®-winner Amy Schumer gets personal in her first HBO stand-up special, directed by Chris Rock and taped at New York's iconic Apollo Theater",https://scrapsfromtheloft.com/2017/09/05/amy-schumer-live-apollo-2015-full-transcript/
Kevin Hart,KEVIN HART: SERIOUSLY FUNNY (2010) – Full Transcript,"Full transcript of ""Seriously Funny"", Kevin Hart's second solo stand-up performance. Recorded live at the Allen Theater, Cleveland, Ohio",https://scrapsfromtheloft.com/2017/09/02/kevin-hart-seriously-funny-2010-full-transcript/
Hannibal Buress,HANNIBAL BURESS: COMEDY CAMISADO (2016) – Full Transcript,"In a special packed with stealthy humor, Hannibal Buress tackles zipper etiquette, the legacy of steroids and the fallout from his Bill Cosby routine.",https://scrapsfromtheloft.com/2017/08/31/hannibal-buress-comedy-camisado-2016-full-transcript/
Neal Brennan,NEAL BRENNAN: WOMEN AND BLACK DUDES (2014) – Full Transcript,"Neal Brennan dives into the hot topics of race, sex and religion. Covering everything from the N-word (and why it's OK for him to use it) to the challenges of being single, he never plays it safe, even when he reveals what really went down the time he met Barack Obama.",https://scrapsfromtheloft.com/2017/08/31/neal-brennan-women-and-black-dudes-2014-full-transcript/
Nick Offerman,NICK OFFERMAN: AMERICAN HAM (2014) – Full Transcript,"A live taping of Nick Offerman's one-man show at New York's historic Town Hall theater, featuring a collection of anecdotes, songs and woodworking/oral-sex techniques. ",https://scrapsfromtheloft.com/2017/08/31/nick-offerman-american-ham-2014-full-transcript/
Aziz Ansari,AZIZ ANSARI: INTIMATE MOMENTS FOR A SENSUAL EVENING (2010) – Full Transcript,"Recorded on July 1, 2009 at The Brentwood Theatre in Los Angeles. - Ladies and gentlemen, please welcome Aziz Ansari! - Thank you. Thank you. Thank you. Thank you. Thank you. Thank you. Thank you. Thank you. Whoa, whoa. Oh, wow. Thank you. Thank you. Thank you so much. Thank [...]",https://scrapsfromtheloft.com/2017/08/30/aziz-ansari-intimate-moments-sensual-evening-2010-full-transcript/
Big Jay Oakerson,BIG JAY OAKERSON: LIVE AT WEBSTER HALL (2016) – Full Transcript,"""Big Jay Oakerson Live at Webster Hall"", is raw, compelling, and honest to the core as he takes viewers on a journey of brutal truths about his relationship with his daughter, sexual tension between he and his best friend Dave, and plenty more! ",https://scrapsfromtheloft.com/2017/08/26/big-jay-oakerson-live-webster-hall-2016-full-transcript/
Lenny Bruce,LENNY BRUCE: THE BERKELEY CONCERT (1965) – Full Transcript,"Recorded December 12, 1965 (released 1971, produced by John Judnich and Frank Zappa) Thank you, thank you, thank you. Hahahaha, you like this? Be weird I have no pants on… The ecumenical council has given the Pope permission to become a nun…just on Friday's. I can't work with this thing..it's [...]",https://scrapsfromtheloft.com/2017/08/25/lenny-bruce-berkeley-concert-1965-full-transcript/
Doug Stanhope,DOUG STANHOPE: NO REFUNDS (2007) – Trascrizione italiana,"È finita. Ultima chiamata. Questa generazione fa schifo, è la generazione più fottutamente noiosa nella storia della gente. È tutto moscio e annacquato... quand'è stata l'ultima volta che avete sentito parlare di gruppi rock che lanciano televisori dalle finestre di un albergo? Dov'è finita quella roba che era... divertente! Dov'è finito il divertimento?",https://scrapsfromtheloft.com/2017/08/23/doug-stanhope-no-refunds-2007-trascrizione-italiana/
George Carlin,GEORGE CARLIN AT USC (1977) – Full Transcript,"George Carlin's first ever comedy special, filmed live at the University of Southern California. Here, he talks about monopoly, flying on planes, random thoughts, walking, and other things",https://scrapsfromtheloft.com/2017/08/21/george-carlin-at-usc-1977-full-transcript/
Jim Norton,JIM NORTON: MOUTHFUL OF SHAME (2017) Full Transcript,"In this unrestricted jaunt, comic Jim Norton offers a personal perspective on romance, desire, and sexual proclivities. ",https://scrapsfromtheloft.com/2017/08/19/jim-norton-mouthful-shame-2017-full-transcript/
Michael Che,MICHAEL CHE MATTERS (2016) – Full Transcript,"""Saturday Night Live"" star Michael Che takes on hot-button topics like inequality, homophobia and gentrification in this stand-up set filmed live in Brooklyn",https://scrapsfromtheloft.com/2017/08/19/michael-che-matters-full-transcript/
Joe Rogan,JOE ROGAN: TRIGGERED (2016) – Full Transcript,"Unleashing his inquisitive, intense comedic style, Rogan explores everything from raising kids and Santa Claus to pot gummies and talking to dolphins",https://scrapsfromtheloft.com/2017/08/19/joe-rogan-triggered-2016-full-transcript/
Trevor Noah,TREVOR NOAH: LOST IN TRANSLATION (2015) – Full Transcript,"Noah addresses major domestic and international events of the past year, sharing his outlook on the world today, including terrorism, racial tensions in America and what it was like being African and traveling into the United States during the Ebola crisis.",https://scrapsfromtheloft.com/2017/08/12/trevor-noah-lost-translation-2015-full-transcript/
Maria Bamford,MARIA BAMFORD: OLD BABY (2017) – Full transcript,"Maria Bamford performs a rapid-fire, playful stand-up set for crowds at park benches, bowling alleys and LA theaters in this roving comedy special.",https://scrapsfromtheloft.com/2017/08/12/maria-bamford-old-baby-2017-full-transcript/
Bo Burnham,BO BURNHAM: WHAT (2013) – Full Transcript,Bo What? Old MacDonald had a farm E I E I O And on that farm he had a pig E I E I O Here a snort There a Old MacDonald had a farm E I E I O [Applause] This is Bo Burnham. He's 22 years old. He's [...],https://scrapsfromtheloft.com/2017/08/07/bo-burnham-2013-full-transcript/
Bo Burnham,BO BURNHAM: MAKE HAPPY (2016) – Full Transcript,"'Make Happy' is a stand-up comedy routine by Bo Burnham which he performed live in 2015 and 2016; a recording of the show was released on Netflix on June 3, 2016. The show is a specifically choreographed performance which amalgamates comedy with music, and uses pre-recorded music, stage lighting effects and sound effects.",https://scrapsfromtheloft.com/2017/08/06/bo-burnham-make-happy-2016-full-transcript/
Anthony Jeselnik,ANTHONY JESELNIK: CALIGULA (2013) – Full Transcript,"Anthony Jeselnik brings his signature dark and twisted point of view to this special. He holds nothing back, routinely saying things most wouldn't ever dare. Anthony is not for the easily offended or humorless",https://scrapsfromtheloft.com/2017/08/03/anthony-jeselnik-caligula-2013-full-transcript/
Anthony Jeselnik,Anthony Jeselnik: Thoughts And Prayers (2015) – Full Transcript,There's no subject too dark as the comedian skewers taboos and riffs on national tragedies before pulling back the curtain on his provocative style,https://scrapsfromtheloft.com/2017/08/03/anthony-jeselnik-thoughts-prayers-2015-full-transcript/
John Mulaney,JOHN MULANEY: THE COMEBACK KID (2015) – Full Transcript,"Armed with boyish charm and a sharp wit, the former ""SNL"" writer offers sly takes on marriage, his beef with babies and the time he met Bill Clinton",https://scrapsfromtheloft.com/2017/08/02/john-mulaney-comeback-kid-2015-full-transcript/
Bill Hicks,BILL HICKS: REVELATIONS (1993) – Full Transcript,This was Bill Hicks last recorded stand up routine performed at the London Dominion Theatre several months before his death in 1994,https://scrapsfromtheloft.com/2017/08/01/bill-hicks-revelations-1993-full-transcript/
Lewis Black,LEWIS BLACK: BLACK TO THE FUTURE (2016) – Full Transcript,"Lewis Black meanders through anecdotes about a trip to Copenhagen (where it’s possible to be simultaneously Socialist and happy), a lactating German woman and mental-illness policies, and - just in time for the elections - he takes on Donald Trump and Hillary Clinton",https://scrapsfromtheloft.com/2017/08/01/lewis-black-black-future-2016-full-transcript/
Doug Stanhope,DOUG STANHOPE: BEFORE TURNING THE GUN ON HIMSELF (2012) – Transcript,"Before Turning the Gun on Himself is the eighth stand-up comedy album by Doug Stanhope, released on November 6, 2012, by Roadrunner Records. It was recorded live at The Complex in Salt Lake City, Utah. To Salt Lake, and now please welcome Doug Stanhope. (audience cheers and applauds) Thank you! [...]",https://scrapsfromtheloft.com/2017/08/01/doug-stanhope-turning-gun-2012-transcript/
Doug Stanhope,DOUG STANHOPE: DEADBEAT HERO (2004) – Transcript,"In ""Deadbeat Hero,"" Stanhope tackles all of the most relevant and controversial issues of our times: Abortion, ""liberty,"" war, whether blindly supporting the troops is a good thing, the drug war, the Alabama-Mississippi ban on dildos and other sex toys, gay marriage and priest molestations. More bizarre topics include two-head babies, his suicidal cat-lady mother, and more.",https://scrapsfromtheloft.com/2017/08/01/doug-stanhope-deadbeat-hero-2004-transcript/
Jim Jefferies,JIM JEFFERIES: CONTRABAND (2008) – Full Transcript,"Ladies and Gentlemen, welcome to the Art theatre. Can you please go mental for, Jim Jefferies! How you all going? Welcome to the recording of my first ever DVD people, so thank you for coming. Who’s seen me before, give me a yell? All right, who’s never seen me? OK, [...]",https://scrapsfromtheloft.com/2017/07/27/jim-jefferies-contraband-2008-full-transcript/
Mike Birbiglia,MIKE BIRBIGLIA: THANK GOD FOR JOKES (2017) – Full Transcript,"Comedian Mike Birbiglia takes the stage in Brooklyn and hits on hard truths about puppets, late people and the very real dangers of being funny.",https://scrapsfromtheloft.com/2017/07/26/mike-birbiglia-thank-god-jokes-2017-full-transcript/
Sarah Silverman,SARAH SILVERMAN: A SPECK OF DUST (2017) – Full Transcript,"In her first comedy special post-health scare, Sarah Silverman shares a mix of fun facts, sad truths and yeah-she-just-went-there moments",https://scrapsfromtheloft.com/2017/07/26/sarah-silverman-a-speck-of-dust-2017/
George Carlin,GEORGE CARLIN: PLAYING WITH YOUR HEAD (1986) – Full Transcript,"Recorded May 2–3, 1986, at the Beverly Theater in Los Angeles It started out like any other night. I was feeling good. I'd just put in a long days work and I was really sure about this. It felt tight, no loopholes but I wasn't about to get cocky. I'd [...]",https://scrapsfromtheloft.com/2017/07/13/george-carlin-playing-head-1986-full-transcript/
George Carlin,GEORGE CARLIN: AGAIN!* (1978) – Full Transcript,"Performing at the Celebrity Star Theater in Phoenix on July 23, 1978, Carlin mesmerizes his audience in the second of his 12 HBO specials. The routines include: Death, Kids & Parents, Newscast #2, Time and Al Sleet, the Hippy-Dippy Weatherman",https://scrapsfromtheloft.com/2017/07/11/george-carlin-1978-full-transcript/
Louis C.K.,LOUIS C.K.: CHEWED UP (2008) – Full Transcript,"Transcript of 'Chewed Up', Louis C.K.'s second one-hour special filmed at the Berklee Performance Center in Boston, March 1, 2008",https://scrapsfromtheloft.com/2017/07/07/louis-c-k-chewed-2008-full-transcript/
Mitch Hedberg,MITCH HEDBERG: COMEDY CENTRAL SPECIAL (1999) – Full Transcript,"Mitch Hedberg's half-hour special on Comedy Central This is the uncut 37 minute version. Tonight from the Palace in Hollywood, California. Comedy Central Presents Mitch Hedberg! Thank you. Hey. Welcome to my half-hour special. Does anybody know who I am? Why did a bunch of people who don't know who [...]",https://scrapsfromtheloft.com/2017/07/06/mitch-hedberg-comedy-central-special1999-full-transcript/
Tom Segura,TOM SEGURA: COMPLETELY NORMAL (2014) – Full Transcript,Levelheaded stand-up Tom Segura shares offhand appraisals on hotels and opens up about his hobbies and digestive ailments in this comedy special,https://scrapsfromtheloft.com/2017/06/30/tom-segura-completely-normal-2014-full-transcript/
George Carlin,GEORGE CARLIN: CARLIN ON CAMPUS (1984) – Full Transcript,"Full transcript of 'Carlin on Campus', 10th album and fourth HBO special by American comedian George Carlin recorded April 18–19, 1984",https://scrapsfromtheloft.com/2017/06/29/george-carlin-carlin-campus-1984-full-transcript/
Louis C.K.,LOUIS C.K.: LIVE AT THE BEACON THEATRE (2011) – Full Transcript,"Louis jokes about fatherhood, success, and flying first class at the Beacon Theatre in New York",https://scrapsfromtheloft.com/2017/06/28/louis-c-k-live-at-the-beacon-theatre-2011-full-transcript/
George Carlin,GEORGE CARLIN: DOIN’ IT AGAIN (1990) – Transcript,"George Carlin brings his comedy back to New Jersey and this time talks about Offensive Language, Euphemisms, They're Only Words, Dogs, Things you never hear, see or wanna hear, Some people are stupid, Cancer, Feminists, Good Ideas, Rape, Life's moments, and organ donors. ",https://scrapsfromtheloft.com/2017/06/27/george-carlin-doin-1990-transcript/
Ricky Gervais,RICKY GERVAIS: OUT OF ENGLAND 2 (2010) – Full Transcript,Full transcript of HBO stand-up special 'Ricky Gervais: Out of England 2'. Recorded before a live audience at the Chicago Theatre in Chicago,https://scrapsfromtheloft.com/2017/06/23/ricky-gervais-england-2-2010-full-transcript/
Amy Schumer,AMY SCHUMER: THE LEATHER SPECIAL (2017) – Full Transcript,"Comic sensation Amy Schumer riffs on sex, dating and the absurdities of fame in a bold and uncensored stand-up set at Denver's Bellco Theater",https://scrapsfromtheloft.com/2017/06/20/amy-schumer-leather-special-2017-full-transcript/
Jim Gaffigan,JIM GAFFIGAN: CINCO (2017) – Full Transcript,"Full transcript of Jim Gaffigan's fifth Netflix original stand up special Cinco. Recorded at the Palace Theater in Columbus, Ohio",https://scrapsfromtheloft.com/2017/06/12/jim-gaffigan-cinco-2017-full-transcript/
Jim Jefferies,JIM JEFFERIES: I SWEAR TO GOD (2009) – Full Transcript,"In this HBO special, 'I Swear to God', Jim Jefferies discusses religion and racism, his own family and childhood, the idiocy of no-smoking signs, sluts vs. studs, drugs and alcohol, and tells a very embarrassing story about what happened to him after purchasing some adult entertainment material",https://scrapsfromtheloft.com/2017/06/06/jim-jefferies-i-swear-god-2009-full-transcript/
Louis C.K.,LOUIS C.K.: HILARIOUS (2010) – Full Transcript,"In this unique and dynamic live concert experience, Louis C.K.'s exploration of life after 40 destroys politically correct images of modern life with thoughts we have all had...but would rarely admit to",https://scrapsfromtheloft.com/2017/06/01/louis-c-k-hilarious-2010-full-transcript/
Louis C.K.,LOUIS C.K.: SHAMELESS (2007) – Full Transcript,"Please welcome Louis C.K.! Thank you. Thank you. Thank you. Thank you, thanks, that's very nice. Hello, everybody. How are ya? Woo! Good, thanks for- thank you, oh, good. Thanks, thanks for coming, thanks for being here. Thanks for not dying before you got here. Which could've happened. - Thanks [...]",https://scrapsfromtheloft.com/2017/05/30/louis-c-k-shameless-2007-full-transcript/
Bill Burr,BILL BURR: I’M SORRY YOU FEEL THAT WAY (2014) – Full Transcript,"[cheers and applause] All right, thank you! Thank you very much! Thank you. Thank you. Thank you. How are you? What's going on? Thank you. It's a pleasure to be here in the greater Atlanta, Georgia, area, this oasis. It's nice to be here. I don't know why I came [...]",https://scrapsfromtheloft.com/2017/05/24/bill-burr-im-sorry-feel-way-2014-full-transcript/
Bill Burr,BILL BURR: YOU PEOPLE ARE ALL THE SAME (2012) – Full Transcript,"[Crowd chatter] Ladies and gentlemen: Bill Burr! [Cheers and applause] All right. Thank you! Thank you. Thank you, sir. How are ya? How's it going? All right. [Cheers and applause] All right, all right, all right, all right. All right, everybody settle down. I wanna get a gun. I do. [...]",https://scrapsfromtheloft.com/2017/05/24/bill-burr-people-2012-full-transcript/
Dave Chappelle,DAVE CHAPPELLE: FOR WHAT IT’S WORTH (2004) – Full Transcript,"Chappelle lets loose on such topics as black celebrities, what it's like to have raunchy fans of his TV show approach him while he's trying to enjoy Disneyland with his kids, Michael Jackson, Kobe Bryant and crackheads, of course",https://scrapsfromtheloft.com/2017/05/19/dave-chappelle-worth-2004-full-transcript/
Dave Chappelle,DAVE CHAPPELLE: KILLIN THEM SOFTLY (2000) – Full Transcript,Wooo! Ya'll gone make me lose my mind. Up in here! Up in here! Y'all gone make me throw her out. Up in here! Up in here! Y'all gone make me act a fool. Up in here! Up in here! Y'all gone make me lose my cool. Up in here! [...],https://scrapsfromtheloft.com/2017/05/19/dave-chappelle-killin-softly-2000-full-transcript/
Eddie Griffin,EDDIE GRIFFIN: YOU CAN TELL ‘EM I SAID IT! (2011) – Transcript,"Ladies and gentlemen, The one and only, The emperor of comedy... Sir Eddie Griffin I want to fuck Michelle Obama. I need her on my team. I'm waiting on Obama to fuck up. That nigga slip up, I'ma slide right in. What's happening, Michelle? You like comedy? That's some fine [...]",https://scrapsfromtheloft.com/2017/05/12/eddie-griffin-can-tell-em-i-said-transcript/
Bill Burr,BILL BURR: WALK YOUR WAY OUT (2017) – Full Transcript,"Netflix special filmed on October 21, 2016 at The Ryman Auditorium in Nashville",https://scrapsfromtheloft.com/2017/05/10/bill-burr-walk-way-2017-full-transcript/
Louis C.K.,LOUIS C.K.: OH MY GOD (2013) – Full Transcript,"'Oh My God' is the fifth comedy special performed by Louis C.K.. It premiered on HBO on April 13, 2013. Filmed in Phoenix, Arizona at the Celebrity Theatre",https://scrapsfromtheloft.com/2017/05/06/louis-ck-oh-my-god-full-transcript/
Louis C.K.,LOUIS C.K.: LIVE AT  THE COMEDY STORE (2015) – Transcript,"The comic puts his trademark hilarious/thought-provoking spin on finding a bat in his kitchen, seeing rats having sex, Boston accents and dead pets.",https://scrapsfromtheloft.com/2017/05/04/louis-c-k-live-at-the-comedy-store-2015-transcript/
Bill Hicks,BILL HICKS: RELENTLESS (1992) – Transcript,"Recorded in 1991 at the Centaur Theatre during the annual Just for Laughs Comedy Festival in Montreal, Canada",https://scrapsfromtheloft.com/2017/05/03/bill-hicks-relentless-1992-transcript/
Daniel Tosh,DANIEL TOSH: HAPPY THOUGHTS (2011) – Transcript,"Daniel Tosh performs in front of a live San Francisco audience in this stand-up special for Comedy Central, and touches on topics ranging from sports and pop culture, to religion and politics",https://scrapsfromtheloft.com/2017/04/30/daniel-tosh-happy-thoughts-2011-transcript/
Patrice O'Neal,PATRICE O’NEAL: ELEPHANT IN THE ROOM (2011) – Transcript,"Full transcript of 'Elephant in the Room', stand up special by comedian Patrice O'Neal, released by Comedy Central. It premiered on February 19, 2011",https://scrapsfromtheloft.com/2017/04/28/patrice-oneal-elephant-in-the-room-2011-full-transcript/
Katt Williams,KATT WILLIAMS: LIVE (2006) – Full Transcript,"(POLICE SIREN BLARING) (POLICE RADIO CHATTERING) (CROWD CLAMORING) CHRIS: Thank you. 100.9 the Wiz. Blazing hip hop and R and B. Jamming in the building right now. Man, it's just an honor to have this guy just stop by just to say hi and say what's up to Cincinnati. My [...]",https://scrapsfromtheloft.com/2017/04/27/katt-williams-live-2006-full-transcript/
Richard Pryor,RICHARD PRYOR: LIVE IN CONCERT (1979) – Full Transcript,"Filmed in Long Beach, California on December 10, 1978 [Distant traffic sounds] [Distant car motor] [Squeaking brakes] [Car door open] [Car door slam] [Car door open] [Car door slam] [Crowd murmur & distant cheers] [Door slam] [Cheering and applause] Richard Pryor: Thank you. Thank you. Thank you. Hey, thank you. [...]",https://scrapsfromtheloft.com/2017/04/27/richard-pryor-live-concert-1979-full-transcript/
Richard Pryor,RICHARD PRYOR: LIVE ON THE SUNSET STRIP (1982) – Full Transcript,"Comedy legend Richard Pryor touches on all subjects, ranging from women to his trip to Africa, and even his scandalous past: the brothel run by his grandmother, his cocaine addiction, and the infamous incident in which he lit himself on fire. ",https://scrapsfromtheloft.com/2017/04/26/richard-pryor-live-sunset-strip-1982-full-transcript/
Trevor Noah,TREVOR NOAH: AFRAID OF THE DARK (2017) – Full Transcript,"The ""Daily Show"" host ponders the perils of naming countries, how traffic lights turn New Yorkers invincible and why you shouldn't drink in Scotland",https://scrapsfromtheloft.com/2017/04/22/trevor-noah-afraid-dark-2017-full-transcript/
Jim Jefferies,JIM JEFFERIES: BARE (2014) – Full Transcript,"Nothing is sacred in this show from Australian comic Jim Jefferies, whether it’s the mother of his child, auditioning disabled actors, or gun control.",https://scrapsfromtheloft.com/2017/04/21/jim-jefferies-bare-2014-full-transcript/
Dave Chappelle,DAVE CHAPPELLE: DEEP IN THE HEART OF TEXAS (2017) – Full Transcript,"Chappelle gets real about racially charged run-ins, celebrity scandals and fatherly dilemmas in a searing stand-up set at Austin's Moody Theatre",https://scrapsfromtheloft.com/2017/04/20/dave-chappelle-deep-heart-texas-2017-full-transcript/
Tom Segura,TOM SEGURA: MOSTLY STORIES (2016) – Full Transcript,"Comedian Tom Segura savors wondrous strip-club names, basks in foul-mouthed heckling and shares life's dirty truths in an irreverent stand-up special",https://scrapsfromtheloft.com/2017/04/19/tom-segura-mostly-stories-2016-full-transcript/
Bill Burr,BILL BURR: LET IT GO (2010) – Full transcript,"Burr's special 'Let it Go', recorded at The Fillmore in San Francisco and premiered on Comedy Central on September 18, 2010",https://scrapsfromtheloft.com/2017/04/19/bill-burr-let-it-go-2010-full-transcript/
George Carlin,GEORGE CARLIN: JAMMING IN NEW YORK (1992) – Testo italiano completo,"Ciao, grazie. Grazie. Grazie. Grazie molte. Grazie. Grazie a tutti. Grazie a tutti. Grazie e un saluto a New York. Ciao New York e grazie. Si'. Ok. E' passato un po' di tempo dall'ultima volta che sono stato qui... ...e nel frattempo sono successe un paio di cose. Volevo parlare [...]",https://scrapsfromtheloft.com/2017/04/12/george-carlin-jamming-new-york-testo-italiano-completo/
George Carlin,GEORGE CARLIN: YOU ARE ALL DISEASED (1999) – Testo italiano completo,"Siete gentili, grazie! Grazie mille, lo apprezzo. Grazie mille, grazie a tutti, grazie! Lo apprezzo... Grazie, grazie... Allora, lasciate che vi chieda una cosa... ...lasciate che vi chieda, come state tutti stasera, eh? Ottimo, be', andate affanculo! Cerco solo di farvi sentire a casa vostra. Ora, sentite, sono stato qua [...]",https://scrapsfromtheloft.com/2017/04/12/george-carlin-diseased-1999-testo-italiano-completo/
George Carlin,GEORGE CARLIN: IT’S BAD FOR YA! (2008) – Testo italiano completo,"Grazie, grazie, grazie! Mi piacerebbe iniziare... Mi piacerebbe... grazie, grazie! Mi piacerebbe iniziare dicendo: affanculo Lance Armstrong! Affanculo lui e le sue palle e le sue biciclette e i suoi steroidi e le sue maglie gialle... ...e la stupida espressione vuota sul suo volto, sono stanco di quello stronzo. E [...]",https://scrapsfromtheloft.com/2017/04/12/george-carlin-bad-2008-testo-italiano-completo/
Jim Jefferies,JIM JEFFERIES: FREEDUMB (2016) – Full Transcript,"Jim Jefferies talks about family life and challenges the idea of American freedom live on stage in Nashville, Tennessee",https://scrapsfromtheloft.com/2017/04/11/jim-jefferies-freedumb-2016-full-transcript/
Eddie Murphy,EDDIE MURPHY: DELIRIOUS (1983) – Full Transcript,"Transcript of Eddie Murphy's 'Delirious', stand-up comedy HBO special released August 30, 1983.",https://scrapsfromtheloft.com/2017/04/11/eddie-murphy-delirious-full-transcript/
Dave Chappelle,DAVE CHAPPELLE: THE AGE OF SPIN (2017) – Full Transcript,"This is Dave. He tells dirty jokes for a living. That stare is where most of his hard work happens. It signifies a profound train of thought, the alchemist's fire that transforms fear and tragedy into levity and livelihood. Dave calls that look ""the trance."" ♪ Play me ♪ ♪ [...]",https://scrapsfromtheloft.com/2017/04/11/dave-chappelle-age-spin-2017-full-transcript/
George Carlin,GEORGE CARLIN: BACK IN TOWN (1996) – Full transcript,"Back in Town is George Carlin's 15th album and ninth HBO special. It was also released on CD on September 17, 1996. This was also his first of many performances at the Beacon Theater in New York City ""Abortion"" Why, why, why, why is it that most of the people [...]",https://scrapsfromtheloft.com/2017/04/10/george-carlin-back-town-1996-full-transcript/
Louis C.K.,LOUIS C.K.: 2017 – Full transcript,"Louis C.K. muses on abortion, religion, eternal love, giving dogs drugs, email fights, teachers and more in a live performance from Washington, D.C.",https://scrapsfromtheloft.com/2017/04/08/louis-c-k-2017-full-transcript/
George Carlin,GEORGE CARLIN: JAMMING IN NEW YORK (1992) – Full Transcript,"Jammin' in New York is George Carlin's 14th album and eighth HBO special, recorded on April 24 and 25, 1992, at the Paramount Theater, on the grounds of Madison Square Garden in New York City. ""Rockets and Penises in the Persian Gulf"" Thank you and hello New York! Okay, it’s [...]",https://scrapsfromtheloft.com/2017/04/06/george-carlin-jamming-new-york-1992-full-transcript/
George Carlin,GEORGE CARLIN: YOU ARE ALL DISEASED (1999) – Full Transcript,"You Are All Diseased is the 16th album and 11th HBO live broadcast stand-up special by comedian George Carlin, recorded on February 6, 1999 at the Beacon Theater in New York City",https://scrapsfromtheloft.com/2017/04/06/george-carlin-you-are-all-diseased-transcript/
Jim Jefferies,JIM JEFFERIES ON GUN CONTROL [FULL TRANSCRIPT],Comedian Jim Jefferies breaks down the absurdity of America's obsession with guns in his Netflix special 'Bare',https://scrapsfromtheloft.com/2017/04/01/jim-jefferies-gun-control-full-transcript/
George Carlin,GEORGE CARLIN: COMPLAINTS AND GRIEVANCES (2001) Full Transcript,"Full transcript of Complaints and Grievances, HBO comedy special by stand-up comedian George Carlin. It was recorded on November 17, 2001.",https://scrapsfromtheloft.com/2017/03/29/george-carlin-complaints-grievances/
George Carlin,GEORGE CARLIN: LIFE IS WORTH LOSING (2006) – Full transcript,"George Carlin returns to the stage in Life is Worth Losing, his 13th live comedy stand-up special, performed at the Beacon Theatre in New York City for HBO",https://scrapsfromtheloft.com/2016/12/28/george-carlin-life-is-worth-losing-transcript/
George Carlin,George Carlin: It’s Bad For Ya (2008) Full transcript,"Full transcript of It's Bad for Ya, final HBO comedy special by stand-up comedian George Carlin. It was televised live on March 1, 2008 on HBO.",https://scrapsfromtheloft.com/2016/11/10/george-carlin-its-bad-for-ya/
